term,coef,se,t,p,lower,upper,beta
const,184.526,1.31852,139.949,2.97414e-63,181.873,187.178,
incidenceRate,0.186695,0.0194185,9.61425,1.12227e-12,0.14763,0.22576,0.379005
MedianAge,-0.788178,0.186591,-4.22409,0.000109243,-1.16355,-0.412805,-0.146982
AvgHouseholdSize,-12.8751,3.29241,-3.91053,0.000294882,-19.4986,-6.2516,-0.115387
PctHS18_24,0.24113,0.0641621,3.75814,0.000472427,0.112053,0.370208,0.0782966
PctBachDeg25_Over,-1.05378,0.254642,-4.13826,0.000143782,-1.56605,-0.541502,-0.206717
PctUnemployed16_Over,0.3661,0.283937,1.28937,0.203578,-0.205107,0.937307,0.045334
PctPublicCoverageAlone,0.892434,0.21362,4.17766,0.00012678,0.462685,1.32218,0.197208
PctOtherRace,-0.659818,0.209811,-3.14482,0.00287973,-1.0819,-0.237733,-0.0836412
BirthRate,-0.381471,0.249127,-1.53123,0.132417,-0.882651,0.119709,-0.0270504
region[Noreste],-15.6827,2.31631,-6.77057,1.82228e-08,-20.3425,-11.0229,
region[Medio Oeste],-4.32673,2.41947,-1.78829,0.0801759,-9.19408,0.540625,
region[Oeste],-14.1307,2.75605,-5.12715,5.46557e-06,-19.6751,-8.58623,
PctHS25_Over,0.353927,0.191544,1.84776,0.0709354,-0.0314091,0.739264,0.090911
PctBachDeg25_Over:region[Noreste],0.844429,0.218895,3.85769,0.000347545,0.404069,1.28479,
PctBachDeg25_Over:region[Medio Oeste],0.228947,0.308002,0.74333,0.460982,-0.390673,0.848567,
PctBachDeg25_Over:region[Oeste],-0.0307535,0.256609,-0.119846,0.905116,-0.546985,0.485478,
PctUnemployed16_Over:region[Noreste],0.902981,0.555108,1.62668,0.110493,-0.213752,2.01971,
PctUnemployed16_Over:region[Medio Oeste],1.47796,0.44603,3.31359,0.00177865,0.580665,2.37526,
PctUnemployed16_Over:region[Oeste],-0.428716,0.687996,-0.623137,0.536207,-1.81278,0.955353,
