variable,etiqueta,n,ausentes,media,dt,min,q1,mediana,q3,max,iqr,asimetria,curtosis,cv,ceros
TARGET_deathRate,Mortalidad por cáncer,3047,0,178.664,27.7515,59.7,161.2,178.1,195.2,362.8,34,0.274589,1.35043,0.155328,0
incidenceRate,Incidencia de cáncer,2840,207,447.972,56.3057,211.1,417,452.9,483.4,1206.9,66.4,0.798665,15.5856,0.12569,0
povertyPercent,Pobreza,3047,0,16.8782,6.40909,3.2,12.15,15.9,20.4,47.4,8.25,0.930254,1.27201,0.379726,0
logIncome,log(Renta mediana),3047,0,10.7299,0.237878,10.0275,10.5683,10.719,10.8684,11.7411,0.300117,0.418279,0.597187,0.0221695,0
MedianAge,Edad mediana,3047,0,40.8261,5.19477,22.3,37.7,40.9,43.8,65.3,6.1,-0.0417807,0.576175,0.127241,0
AvgHouseholdSize,Tamaño medio del hogar,3047,0,2.52968,0.248449,1.86,2.38,2.5,2.64,3.97,0.26,1.29646,3.86541,0.0982135,0
PercentMarried,Población casada,3047,0,51.7737,6.89693,23.1,47.75,52.4,56.4,72.5,8.65,-0.653165,0.915319,0.133213,0
PctNoHS18_24,Sin bachillerato (18–24),3047,0,18.2245,8.09306,0,12.8,17.1,22.7,64.1,9.9,0.972866,2.20553,0.444077,2
PctHS18_24,Bachillerato (18–24),3047,0,35.0021,9.06972,0,29.2,34.7,40.7,72.5,11.5,0.179121,0.53068,0.25912,1
PctBachDeg18_24,Grado universitario (18–24),3047,0,6.15829,4.52906,0,3.1,5.4,8.2,51.8,5.1,1.95524,9.1217,0.735441,118
PctHS25_Over,Bachillerato (25+),3047,0,34.8047,7.03492,7.5,30.4,35.3,39.65,54.8,9.25,-0.333471,0.116794,0.202126,0
PctBachDeg25_Over,Grado universitario (25+),3047,0,13.282,5.39476,2.5,9.4,12.3,16.1,42.2,6.7,1.0943,1.73255,0.40617,0
PctEmployed16_Over,Empleo (16+),2895,152,54.1526,8.31506,17.6,48.6,54.5,60.3,80.1,11.7,-0.387448,0.194603,0.153549,0
PctUnemployed16_Over,Desempleo (16+),3047,0,7.85241,3.45237,0.4,5.5,7.6,9.7,29.4,4.2,0.890622,2.29103,0.439657,0
PctPrivateCoverage,Seguro privado,3047,0,64.3549,10.6471,22.3,57.2,65.1,72.1,92.3,14.9,-0.393343,-0.00566547,0.165443,0
PctEmpPrivCoverage,Seguro privado vía empleador,3047,0,41.1963,9.44769,13.5,34.5,41.1,47.7,70.7,13.2,0.0893717,-0.30371,0.229333,0
PctPublicCoverage,Seguro público,3047,0,36.2526,7.84174,11.2,30.9,36.3,41.55,65.1,10.65,-0.00543292,-0.0910163,0.216308,0
PctPublicCoverageAlone,Solo seguro público,3047,0,19.2401,6.11304,2.6,14.85,18.8,23.1,46.6,8.25,0.470717,0.359267,0.317724,0
PctBlack,Población negra,3047,0,9.10798,14.5345,0,0.620675,2.24758,10.5097,85.9478,9.88906,2.25696,5.0292,1.5958,72
PctAsian,Población asiática,3047,0,1.25396,2.61028,0,0.254199,0.549812,1.22104,42.6194,0.966838,7.41439,78.2667,2.08162,194
PctOtherRace,Otra raza,3047,0,1.98352,3.51771,0,0.295172,0.826185,2.17796,41.9303,1.88279,4.94974,35.4764,1.77347,140
PctNativeMulti,Población nativa o multirracial,3047,0,4.00925,7.56421,0,1.57644,2.30061,3.5898,88.7749,2.01337,6.9326,57.9817,1.88669,6
PctMarriedHouseholds,Hogares de matrimonios,3047,0,51.2439,6.57281,22.9925,47.7631,51.6699,55.3951,78.0754,7.63207,-0.522105,1.40994,0.128265,0
BirthRate,Natalidad,3047,0,5.64031,1.98582,0,4.52142,5.38148,6.49368,21.3262,1.97226,1.32255,5.21884,0.352076,4
logStudy,log(1 + ensayos per cápita),3047,0,1.87679,2.60856,0,0,0,4.43853,9.18639,4.43853,0.859771,-0.902076,1.38991,1931
logPop,log(Población),3047,0,10.334,1.40953,6.7178,9.36597,10.1903,11.1371,16.135,1.77111,0.499636,0.239062,0.136397,0
