id,title,problem,action,rationale,config_key,n_affected,applied
D01,Geography separada en condado y estado,"La fuente oficial guarda en una sola columna «Condado, Estado» (por ejemplo, «Doña Ana County, New Mexico»), de modo que el estado no es utilizable como variable.",Se separa por la última coma en Geography (condado) y state (estado).,"El estado es imprescindible: define la región censal y es la unidad de conglomerado de los errores típicos. Ningún nombre de estado contiene comas, así que la separación es exacta (51 estados reconocidos).",—,3047,True
D02,Notificadomuerte excluida por fuga de información,"El fichero oficial añade una variable sin documentar, Notificadomuerte, presente en 2 841 condados.",Se conserva en los datos pero se excluye de todos los modelos.,"La regla R19 demuestra que es exactamente avgAnnCount − avgDeathsPerYear (casos menos muertes anuales). Contiene las muertes, que son el numerador de la mortalidad que se quiere explicar: usarla como explicativa sería explicar la respuesta con ella misma.",variables.candidates,2841,True
D03,Valor centinela en la incidencia,"incidenceRate = 453,5494221 se repite exactamente en 206 condados: todos los de Kansas, Minnesota y Nevada, cuyos registros no publican la incidencia por condado. El propio fichero oficial ya trae como perdidos del sistema los casos anuales (avgAnnCount) de esos mismos condados, pero conserva la incidencia rellena.",Se sustituye por valor ausente.,"Un valor con siete decimales repetido en cientos de condados no es una medición: es una imputación por la media que finge ser dato. Conservarla introduciría 206 observaciones con varianza nula en la incidencia y sesgaría su coeficiente hacia cero. La incoherencia es evidente: Clark County, Nevada (2 114 801 habitantes) y Esmeralda County, Nevada (829) tendrían exactamente la misma incidencia.",cleaning.sentinel_to_missing,206,True
D04,Edad mediana registrada en meses,"30 condados tienen edades medianas entre 349,2 y 624 años.",Se divide entre 12 y se verifica que el resultado quede entre las medianas masculina y femenina.,"El cociente entre el valor registrado y la media de las medianas por sexo es 12 (media 12,008, desviación típica 0,066): el dato está en meses. En los 3 017 condados válidos la mediana conjunta siempre cae entre las dos medianas por sexo, de modo que esa misma regla verifica cada corrección.",cleaning.repair_median_age,30,True
D05,Tamaño medio del hogar dividido por 100,"61 condados declaran entre 0,0221 y 0,0322 personas por hogar.",Se multiplica por 100.,"Un hogar tiene al menos una persona. Los valores erróneos tienen cuatro decimales frente a los dos del resto, y multiplicados por 100 quedan en [2,21; 3,22], dentro del rango de los válidos [1,86; 3,97]: es un error de escala.",cleaning.repair_household_size,61,True
D06,PctSomeCol18_24 recuperada por identidad contable,"Falta el 75,0 % de los valores de PctSomeCol18_24.",Se calcula como 100 − (sin bachillerato + bachillerato + grado).,"En los casos completos las cuatro categorías suman 100 % con un error máximo de 0,10 puntos (redondeo a un decimal): la identidad es exacta y el valor ausente no se imputa, se deduce. Una imputación estadística sería aquí un error metodológico, porque desecharía información determinista.",cleaning.recover_some_college,2285,True
D07,Población nativa o multirracial (variable derivada),"Según el diccionario, PctOtherRace recoge todo lo que no es blanco, negro ni asiático; sin embargo, en 86 condados las cuatro categorías suman menos del 80 % (Todd County, South Dakota: 11,2 %).",Se crea PctNativeMulti = 100 − (blanca + negra + asiática + otra).,"Los condados con mayor residuo son reservas indias y áreas censales de Alaska: el residuo es la población nativa americana o de Alaska y la multirracial, que el diccionario no menciona. Es un grupo con tasas de cáncer documentadamente distintas, de modo que omitirlo sería perder información relevante.",cleaning.derive_native_multi,86,True
D08,Incidencia inverosímil (mortalidad ≥ incidencia),"En algún condado la tasa de mortalidad supera a la de incidencia (MIR > 1); la MIR mediana es 0,40.",Se marca la incidencia como ausente.,"Que mueran más personas de las que se diagnostican no es sostenible: indica que parte de los diagnósticos se registra fuera del condado de residencia (pacientes diagnosticados en otra jurisdicción, poblaciones flotantes). Condados afectados: Aleutians West Census Area, Alaska.",cleaning.mir_max,1,True
D09,Región censal,El estado tiene 51 categorías y algunas con muy pocos condados (Distrito de Columbia: 1; Delaware: 3).,Se agrupan en las cuatro regiones oficiales de la Oficina del Censo.,La región permite ilustrar variables indicadoras e interacciones con 3 grados de libertad en lugar de 50; el estado se reserva como conglomerado para los errores típicos robustos.,variables.use_region,3047,True
D10,Transformaciones de variables muy asimétricas,"Población (asimetría ≈ 14), renta (≈ 1,4) y ensayos per cápita (63 % de ceros y asimetría ≈ 5,7) violan la linealidad que exige el modelo.",Población: logaritmo; renta: logaritmo; ensayos: log1p.,"El parámetro λ de Box-Cox estimado es ≈ 0 para la población y los ensayos, que corresponde al logaritmo; además los efectos de escala (un 10 % más de renta) son más interpretables que los absolutos.",transforms,3047,True
D11,Variables excluidas de los modelos,Algunas columnas no pueden o no deben usarse como explicativas.,"Se excluyen: TARGET_deathRate, avgDeathsPerYear, avgAnnCount, Notificadomuerte, binnedInc, Geography, state, MedianAgeMale, MedianAgeFemale, PctPrivateCoverageAlone, PctSomeCol18_24, PctWhite.",Ver el motivo de cada una en la tabla de variables excluidas.,variables,12,True
